{
    "mae": 3.0521876696289243,
    "mse": 20.93771797432312,
    "rmse": 4.575775122787736,
    "mape": 1.4815744642626154e+17,
    "r2": -0.013895002544731971,
    "accuracy": -1.4815744642626144e+17
}